Name,Description,URL
GitGolang,CC1 GoLang,https://github.com/YukihiraDeve/GitGolang
GoLangProjet,,https://github.com/YukihiraDeve/GoLangProjet
gestionTeam5V5,Gestion de team en 5V5 custom,https://github.com/YukihiraDeve/gestionTeam5V5
PortfolioReact,,https://github.com/YukihiraDeve/PortfolioReact
PracticeReact,,https://github.com/YukihiraDeve/PracticeReact
UML-Projet,Projet de UML,https://github.com/YukihiraDeve/UML-Projet
PokePython---HanyangUniversity,,https://github.com/YukihiraDeve/PokePython---HanyangUniversity
Blindly.fr,Project Annual 1st Year,https://github.com/YukihiraDeve/Blindly.fr
Dedo,,https://github.com/YukihiraDeve/Dedo
Minecraft-WebGL,First Time on WebGL. ,https://github.com/YukihiraDeve/Minecraft-WebGL
